time_stamp,sensor_index,2.5_um_count,2.5_um_count_a,2.5_um_count_b,pm2.5_atm,pm2.5_atm_a,pm2.5_atm_b,pm2.5_cf_1,pm2.5_cf_1_a,pm2.5_cf_1_b
2024-02-26T09:40:00Z,175665,5.382,4.974,5.79,9.525,9.352,9.698,9.525,9.352,9.698
2024-02-26T20:50:00Z,175665,13.09,8.224,17.956,30.846,30.192,31.5,32.173,31.24,33.106
2024-02-26T12:50:00Z,175665,4.297000000000001,3.396,5.198,6.751,6.604,6.898,6.751,6.604,6.898
2024-02-26T07:00:00Z,175665,7.749,5.912,9.586,21.662,20.564,22.76,21.662,20.564,22.76
2024-02-26T03:30:00Z,175665,2.6660000000000004,2.346,2.986,8.231,8.2,8.262,8.231,8.2,8.262
2024-02-26T14:40:00Z,175665,5.068,3.106,7.03,8.940000000000001,8.96,8.92,8.940000000000001,8.96,8.92
2024-02-26T14:50:00Z,175665,4.7620000000000005,3.598,5.926,8.547,8.082,9.012,8.547,8.082,9.012
2024-02-26T11:50:00Z,175665,4.251,3.404,5.098,6.21,5.968,6.452,6.21,5.968,6.452
2024-02-26T16:20:00Z,175665,7.195,5.706,8.684,18.049,17.312,18.786,18.049,17.312,18.786
2024-02-26T20:10:00Z,175665,30.568,25.238,35.898,52.572,52.33,52.814,78.33,77.672,78.988
2024-02-26T07:50:00Z,175665,7.921,5.926,9.916,25.880000000000003,25.09,26.67,25.908,25.09,26.726
2024-02-26T09:20:00Z,175665,4.936999999999999,4.774,5.1,10.734000000000002,10.476,10.992,10.734000000000002,10.476,10.992
2024-02-26T07:30:00Z,175665,7.84,5.182,10.498,22.875,21.716,24.034,22.884,21.716,24.052
2024-02-27T01:30:00Z,175665,5.097,4.276,5.918,10.222,10.25,10.194,10.222,10.25,10.194
2024-02-27T09:50:00Z,175665,4.889,4.69,5.088,8.616,8.49,8.742,8.616,8.49,8.742
2024-02-27T18:10:00Z,175665,7.088,5.442,8.734,10.755,10.41,11.1,10.755,10.41,11.1
2024-02-27T02:50:00Z,175665,4.640000000000001,4.716,4.564,10.52,10.624,10.416,10.52,10.624,10.416
2024-02-27T00:10:00Z,175665,5.323,4.428,6.218,11.971,11.746,12.196,11.971,11.746,12.196
2024-02-27T19:10:00Z,175665,7.489000000000001,5.652,9.326,11.842,11.7,11.984,11.842,11.7,11.984
2024-02-27T03:40:00Z,175665,4.143,3.274,5.012,10.357,10.124,10.59,10.357,10.124,10.59
2024-02-27T02:40:00Z,175665,5.071,3.646,6.496,10.552,10.092,11.012,10.552,10.092,11.012
2024-02-27T03:20:00Z,175665,5.211,4.138,6.284,10.348,9.928,10.768,10.348,9.928,10.768
2024-02-27T08:00:00Z,175665,5.642,4.654,6.63,13.265,12.938,13.592,13.265,12.938,13.592
2024-02-27T06:20:00Z,175665,5.6370000000000005,4.682,6.592,16.966,16.868,17.064,16.966,16.868,17.064
2024-02-27T09:00:00Z,175665,5.4190000000000005,5.18,5.658,9.187,9.198,9.176,9.187,9.198,9.176
2024-02-27T12:30:00Z,175665,7.615,6.544,8.686,10.749,10.496,11.002,10.749,10.496,11.002
2024-02-27T14:30:00Z,175665,10.094,6.396,13.792,15.605,14.814,16.396,15.605,14.814,16.396
2024-02-27T13:30:00Z,175665,7.877,6.5,9.254,11.11,11.038,11.182,11.11,11.038,11.182
2024-02-27T15:40:00Z,175665,9.764,9.518,10.01,15.028,14.93,15.126,15.028,14.93,15.126
2024-02-27T02:10:00Z,175665,5.135,3.898,6.372,10.309,10.118,10.5,10.309,10.118,10.5
2024-02-27T21:50:00Z,175665,7.710000000000001,5.716,9.704,12.581,12.062,13.1,12.581,12.062,13.1
2024-02-28T17:40:00Z,175665,16.238999999999997,11.328,21.15,32.58,32.01,33.15,34.796,33.854,35.738
2024-02-28T16:30:00Z,175665,17.376,13.242,21.51,31.478,30.804,32.152,32.964,31.964,33.964
2024-02-28T08:20:00Z,175665,15.141,12.026,18.256,20.116,19.568,20.664,20.116,19.568,20.664
2024-02-28T06:30:00Z,175665,13.185,9.308,17.062,15.342,14.466,16.218,15.342,14.466,16.218
2024-02-28T02:10:00Z,175665,10.832,9.046,12.618,12.237,11.64,12.834,12.237,11.64,12.834
2024-02-28T14:10:00Z,175665,14.142,11.25,17.034,25.735,25.248,26.222,25.761,25.252,26.27
2024-02-28T15:10:00Z,175665,15.168,11.29,19.046,29.83,29.0,30.66,30.582,29.458,31.706
2024-02-28T05:50:00Z,175665,12.668,9.79,15.546,14.027,13.182,14.872,14.027,13.182,14.872
2024-02-28T15:50:00Z,175665,16.605,12.514,20.696,31.119,30.344,31.894,32.368,31.194,33.542
2024-02-28T21:10:00Z,175665,5.702,4.408,6.996,12.776,12.06,13.492,12.776,12.06,13.492
2024-02-28T13:40:00Z,175665,13.924,11.716,16.132,23.432,22.764,24.1,23.438,22.764,24.112
2024-02-28T21:00:00Z,175665,6.334,5.96,6.708,14.173,13.986,14.36,14.173,13.986,14.36
2024-02-25T17:00:00Z,175665,1.912,1.502,2.322,6.802,6.682,6.922,6.802,6.682,6.922
2024-02-25T17:50:00Z,175665,4.2010000000000005,2.744,5.658,13.965,13.672,14.258,14.182,13.882,14.482
2024-02-25T20:50:00Z,175665,2.486,1.694,3.278,8.963000000000001,9.096,8.83,8.963000000000001,9.096,8.83
2024-02-25T23:30:00Z,175665,3.399,3.176,3.622,14.415,14.34,14.49,14.415,14.34,14.49
2024-02-26T02:50:00Z,175665,2.869,3.02,2.718,8.324,8.466,8.182,8.324,8.466,8.182
2024-02-26T11:00:00Z,175665,4.497,3.332,5.662,7.938,7.552,8.324,7.938,7.552,8.324
2024-02-26T08:40:00Z,175665,6.157,4.116,8.198,19.398,18.874,19.922,19.398,18.874,19.922
2024-02-26T18:40:00Z,175665,12.5,10.066,14.934,30.67,30.436,30.904,36.095,35.722,36.468
2024-02-26T03:40:00Z,175665,3.351,2.825,3.877,8.605,8.31,8.9,8.605,8.31,8.9
2024-02-26T09:30:00Z,175665,5.4030000000000005,4.098,6.708,9.994,9.582,10.406,9.994,9.582,10.406
2024-02-26T19:00:00Z,175665,59.271,50.964,67.578,110.691,109.716,111.666,167.209,165.742,168.676
2024-02-26T05:00:00Z,175665,5.196,4.442,5.95,12.403,12.22,12.586,12.403,12.22,12.586
2024-02-27T04:20:00Z,175665,4.974,3.948,6.0,11.543,11.352,11.734,11.543,11.352,11.734
2024-02-27T22:10:00Z,175665,7.846,7.026,8.666,13.088,13.012,13.164,13.088,13.012,13.164
2024-02-27T10:30:00Z,175665,5.719,5.304,6.134,8.474,8.536,8.412,8.474,8.536,8.412
2024-02-27T11:50:00Z,175665,7.3,5.802,8.798,9.561,9.27,9.852,9.561,9.27,9.852
2024-02-27T13:50:00Z,175665,7.99,7.78,8.2,10.698,10.714,10.682,10.698,10.714,10.682
2024-02-27T14:40:00Z,175665,9.846,7.386,12.306,16.725,16.24,17.21,16.725,16.24,17.21
2024-02-27T04:30:00Z,175665,4.822,4.138,5.506,12.032,11.654,12.41,12.032,11.654,12.41
2024-02-27T07:40:00Z,175665,6.636,4.818,8.454,15.143,14.882,15.404,15.143,14.882,15.404
2024-02-27T13:40:00Z,175665,9.967,7.996,11.938,11.811,11.426,12.196,11.811,11.426,12.196
2024-02-27T18:30:00Z,175665,8.227,5.894,10.56,10.791,10.358,11.224,10.791,10.358,11.224
2024-02-27T00:20:00Z,175665,5.509,4.928,6.09,11.455,11.624,11.286,11.455,11.624,11.286
2024-02-27T21:20:00Z,175665,7.600999999999999,6.874,8.328,11.934,11.686,12.182,11.934,11.686,12.182
2024-02-28T18:40:00Z,175665,10.913,9.004,12.822,19.936,19.53,20.342,19.936,19.53,20.342
2024-02-28T20:00:00Z,175665,5.484,4.116,6.852,10.779,10.384,11.174,10.779,10.384,11.174
2024-02-28T14:00:00Z,175665,13.45,10.352,16.548,24.852,23.936,25.768,24.869,23.936,25.802
2024-02-28T14:50:00Z,175665,17.206,12.732,21.68,29.28,28.212,30.348,29.832,28.392,31.272
2024-02-28T12:20:00Z,175665,14.479,10.666,18.292,21.75,21.166,22.334,21.75,21.166,22.334
2024-02-28T02:00:00Z,175665,9.187,7.644,10.73,12.324,12.122,12.526,12.324,12.122,12.526
2024-02-28T17:20:00Z,175665,16.62,12.144,21.096,31.975,31.21,32.74,33.729,32.526,34.932
2024-02-28T16:10:00Z,175665,15.287,12.9,17.674,31.355,31.438,31.272,32.769000000000005,32.816,32.722
2024-02-28T17:00:00Z,175665,16.041,11.642,20.44,31.377,30.688,32.066,32.842,31.684,34.0
2024-02-28T02:30:00Z,175665,9.902,8.648,11.156,12.769,12.286,13.252,12.769,12.286,13.252
2024-02-28T12:40:00Z,175665,12.791,10.328,15.254,21.675,21.408,21.942,21.675,21.408,21.942
2024-02-28T02:50:00Z,175665,11.356,11.158,11.554,12.741,12.772,12.71,12.741,12.772,12.71
2024-02-28T23:00:00Z,175665,2.596,1.934,3.258,5.3260000000000005,5.292,5.36,5.3260000000000005,5.292,5.36
2024-02-25T21:50:00Z,175665,3.005,2.004,4.006,11.225,11.004,11.446,11.225,11.004,11.446
2024-02-25T21:20:00Z,175665,2.569,2.408,2.73,9.589,9.51,9.668,9.589,9.51,9.668
2024-02-25T21:30:00Z,175665,2.497,2.128,2.866,10.339,10.102,10.576,10.339,10.102,10.576
2024-02-25T22:20:00Z,175665,2.477,2.146,2.808,9.832,9.64,10.024,9.832,9.64,10.024
2024-02-26T17:40:00Z,175665,15.017,11.098,18.936,38.438,37.954,38.922,45.488,44.632,46.344
2024-02-26T05:20:00Z,175665,4.725,3.81,5.64,14.53,14.19,14.87,14.53,14.19,14.87
2024-02-26T15:50:00Z,175665,6.123,5.28,6.966,15.559,15.212,15.906,15.559,15.212,15.906
2024-02-26T07:40:00Z,175665,7.743,6.88,8.606,23.696,23.578,23.814,23.696,23.578,23.814
2024-02-26T18:50:00Z,175665,32.279,27.026,37.532,62.618,61.95,63.286,92.365,91.058,93.672
2024-02-26T13:10:00Z,175665,4.17,3.52,4.82,6.508,6.356,6.66,6.508,6.356,6.66
2024-02-26T11:20:00Z,175665,4.165,3.82,4.51,6.718,6.64,6.796,6.718,6.64,6.796
2024-02-26T03:20:00Z,175665,2.73,1.978,3.482,8.41,8.39,8.43,8.41,8.39,8.43
2024-02-26T18:20:00Z,175665,11.75,8.182,15.318,29.324,28.766,29.882,31.189,30.488,31.89
2024-02-26T19:30:00Z,175665,48.865,40.536,57.194,85.32,84.206,86.434,129.142,127.442,130.842
2024-02-26T02:10:00Z,175665,3.3200000000000003,2.66,3.98,8.902999999999999,8.934,8.872,8.902999999999999,8.934,8.872
2024-02-26T07:10:00Z,175665,7.574,5.986,9.162,22.892000000000003,22.376,23.408,22.892000000000003,22.376,23.408
2024-02-26T16:00:00Z,175665,6.067,4.974,7.16,14.698,14.77,14.626,14.698,14.77,14.626
2024-02-27T17:50:00Z,175665,7.72,6.772,8.668,11.308,11.322,11.294,11.308,11.322,11.294
2024-02-27T17:10:00Z,175665,6.928,6.33,7.526,11.085,10.762,11.408,11.085,10.762,11.408
2024-02-27T10:10:00Z,175665,6.075,4.706,7.444,8.522,8.31,8.734,8.522,8.31,8.734
2024-02-27T10:50:00Z,175665,8.12,7.204,9.036,11.447,11.25,11.644,11.676,11.436,11.916
2024-02-27T21:40:00Z,175665,6.6850000000000005,6.274,7.096,12.423,12.378,12.468,12.423,12.378,12.468
2024-02-27T14:00:00Z,175665,9.297,6.51,12.084,11.489,11.098,11.88,11.489,11.098,11.88
2024-02-27T22:00:00Z,175665,7.01,6.182,7.838,12.901,12.732,13.07,12.901,12.732,13.07
2024-02-27T15:20:00Z,175665,10.137,8.884,11.39,14.683,14.406,14.96,14.683,14.406,14.96
2024-02-27T06:40:00Z,175665,5.848,5.008,6.688,12.756,12.236,13.276,12.756,12.236,13.276
2024-02-27T12:50:00Z,175665,9.557,8.358,10.756,15.103,14.65,15.556,15.103,14.65,15.556
2024-02-27T19:30:00Z,175665,7.552,5.546,9.558,11.828,11.342,12.314,11.828,11.342,12.314
2024-02-27T09:10:00Z,175665,5.302,4.486,6.118,9.386,9.104,9.668,9.386,9.104,9.668
2024-02-27T20:30:00Z,175665,6.627000000000001,6.296,6.958,10.204,10.258,10.15,10.204,10.258,10.15
2024-02-28T09:50:00Z,175665,15.656,11.596,19.716,24.314,23.428,25.2,24.327,23.428,25.226
2024-02-28T10:00:00Z,175665,15.629,12.668,18.59,24.595,24.306,24.884,24.6,24.306,24.894
2024-02-28T10:20:00Z,175665,15.493,11.46,19.526,27.097,26.212,27.982,27.186,26.216,28.156
2024-02-28T08:50:00Z,175665,12.184,9.772,14.596,17.158,16.952,17.364,17.158,16.952,17.364
2024-02-28T21:50:00Z,175665,2.898,2.84,2.956,5.488,5.468,5.508,5.488,5.468,5.508
2024-02-28T11:40:00Z,175665,15.134,13.188,17.08,25.531,25.156,25.906,25.561,25.156,25.966
2024-02-28T21:20:00Z,175665,4.704000000000001,4.492,4.916,9.652,9.63,9.674,9.652,9.63,9.674
2024-02-28T05:20:00Z,175665,12.282,9.804,14.76,13.91,13.212,14.608,13.91,13.212,14.608
2024-02-28T14:40:00Z,175665,13.999,11.11,16.888,29.045,28.796,29.294,29.361,28.974,29.748
2024-02-28T15:20:00Z,175665,17.052999999999997,10.994,23.112,30.682,29.79,31.574,31.75,30.256,33.244
2024-02-28T06:20:00Z,175665,15.192,12.062,18.322,15.662,15.122,16.202,15.662,15.122,16.202
2024-02-28T03:20:00Z,175665,10.996,8.818,13.174,12.109,11.732,12.486,12.109,11.732,12.486
2024-02-25T19:00:00Z,175665,4.055,2.698,5.412,13.707,13.744,13.67,14.744,14.828,14.66
2024-02-25T16:30:00Z,175665,1.264,1.108,1.42,6.236000000000001,6.08,6.392,6.236000000000001,6.08,6.392
2024-02-25T19:40:00Z,175665,2.317,1.9,2.734,8.212,8.348,8.076,8.212,8.348,8.076
2024-02-25T23:40:00Z,175665,3.06,2.658,3.462,14.357,14.642,14.072,14.357,14.642,14.072
2024-02-25T18:00:00Z,175665,2.0380000000000003,1.682,2.394,11.246,11.152,11.34,11.259,11.152,11.366
2024-02-25T23:50:00Z,175665,3.121,3.128,3.114,13.689,13.704,13.674,13.689,13.704,13.674
2024-02-26T23:00:00Z,175665,4.856,4.084,5.628,9.638,9.706,9.57,9.638,9.706,9.57
2024-02-26T23:10:00Z,175665,4.906,3.576,6.236,10.239,9.982,10.496,10.239,9.982,10.496
2024-02-26T01:00:00Z,175665,8.586,6.672,10.5,16.794,16.268,17.32,18.178,17.708,18.648
2024-02-26T14:30:00Z,175665,4.078,3.49,4.666,8.280999999999999,8.078,8.484,8.280999999999999,8.078,8.484
2024-02-26T10:30:00Z,175665,5.364,3.994,6.734,8.844,8.334,9.354,8.844,8.334,9.354
2024-02-26T05:10:00Z,175665,4.515000000000001,3.354,5.676,13.514,13.21,13.818,13.514,13.21,13.818
2024-02-26T22:10:00Z,175665,5.874,4.946,6.802,13.568,13.504,13.632,13.568,13.504,13.632
2024-02-26T12:10:00Z,175665,3.986,3.082,4.89,6.326,6.148,6.504,6.326,6.148,6.504
2024-02-26T02:20:00Z,175665,2.55,2.456,2.644,8.751999999999999,8.692,8.812,8.751999999999999,8.692,8.812
2024-02-26T08:20:00Z,175665,6.4545,4.927,7.982,21.697000000000003,20.847,22.547,72.011,20.847,123.175
2024-02-26T23:20:00Z,175665,6.057,5.438,6.676,11.652,11.462,11.842,11.652,11.462,11.842
2024-02-26T21:50:00Z,175665,7.561999999999999,5.922,9.202,18.296,17.97,18.622,18.296,17.97,18.622
2024-02-26T01:30:00Z,175665,3.331,3.07,3.592,10.065,9.73,10.4,10.065,9.73,10.4
2024-02-27T12:40:00Z,175665,8.939,6.482,11.396,11.572,11.02,12.124,11.572,11.02,12.124
2024-02-27T17:30:00Z,175665,7.996,7.534,8.458,11.064,11.278,10.85,11.064,11.278,10.85
2024-02-27T16:50:00Z,175665,8.086,6.426,9.746,12.141,11.736,12.546,12.141,11.736,12.546
2024-02-27T05:30:00Z,175665,5.843999999999999,4.646,7.042,19.778,19.32,20.236,19.778,19.32,20.236
2024-02-27T00:50:00Z,175665,5.383,4.506,6.26,11.567,11.288,11.846,11.567,11.288,11.846
2024-02-27T23:10:00Z,175665,9.324,7.592,11.056,13.465,12.882,14.048,13.465,12.882,14.048
2024-02-27T17:40:00Z,175665,7.907,7.676,8.138,11.696,11.722,11.67,11.696,11.722,11.67
2024-02-27T07:30:00Z,175665,5.614000000000001,5.078,6.15,13.518,13.444,13.592,13.518,13.444,13.592
2024-02-27T15:10:00Z,175665,9.721,8.546,10.896,14.985,14.974,14.996,14.985,14.974,14.996
2024-02-27T18:50:00Z,175665,7.24,6.062,8.418,10.524,10.318,10.73,10.524,10.318,10.73
2024-02-27T20:10:00Z,175665,6.444,5.338,7.55,9.771,9.606,9.936,9.771,9.606,9.936
2024-02-27T21:10:00Z,175665,6.82,6.196,7.444,11.016,11.03,11.002,11.016,11.03,11.002
2024-02-28T10:40:00Z,175665,14.384,10.682,18.086,25.872,24.824,26.92,25.914,24.828,27.0
2024-02-28T01:20:00Z,175665,12.698,10.38,15.016,13.687,13.144,14.23,13.687,13.144,14.23
2024-02-28T15:00:00Z,175665,14.719,11.0,18.438,29.834,29.394,30.274,30.54,29.866,31.214
2024-02-28T14:30:00Z,175665,16.17,11.702,20.638,28.03,26.826,29.234,28.256,26.888,29.624
2024-02-28T11:10:00Z,175665,15.063,12.014,18.112,26.656,25.848,27.464,27.419,26.458,28.38
2024-02-28T09:00:00Z,175665,12.678,9.354,16.002,18.507,17.866,19.148,18.507,17.866,19.148
2024-02-28T03:10:00Z,175665,9.448,7.798,11.098,11.797,11.46,12.134,11.797,11.46,12.134
2024-02-28T19:10:00Z,175665,7.056,6.256,7.856,12.558,12.122,12.994,12.558,12.122,12.994
2024-02-28T07:30:00Z,175665,13.228,9.764,16.692,18.133,17.348,18.918,18.133,17.348,18.918
2024-02-28T16:20:00Z,175665,17.191,13.092,21.29,31.498,30.758,32.238,32.984,31.74,34.228
2024-02-28T11:00:00Z,175665,14.151,10.244,18.058,26.708,25.236,28.18,26.939,25.286,28.592
2024-02-28T11:30:00Z,175665,13.143,11.066,15.22,26.15,25.56,26.74,26.207,25.574,26.84
2024-02-25T17:10:00Z,175665,5.65,3.92,7.38,18.854,19.17,18.538,24.143,24.386,23.9
2024-02-25T19:30:00Z,175665,2.644,2.334,2.954,8.972,8.806,9.138,8.972,8.806,9.138
2024-02-25T18:40:00Z,175665,1.821,1.584,2.058,6.1530000000000005,6.272,6.034,6.1530000000000005,6.272,6.034
2024-02-25T22:10:00Z,175665,2.387,2.17,2.604,10.369,10.034,10.704,10.369,10.034,10.704
2024-02-26T17:30:00Z,175665,12.158,9.83,14.486,32.917,32.624,33.21,35.361000000000004,34.89,35.832
2024-02-26T03:50:00Z,175665,3.7515,3.228,4.275,8.662500000000001,8.56,8.765,8.662500000000001,8.56,8.765
2024-02-26T22:50:00Z,175665,4.561,3.982,5.14,9.28,9.3,9.26,9.28,9.3,9.26
2024-02-26T06:20:00Z,175665,6.941,5.275,8.607,18.700000000000003,18.155,19.245,18.700000000000003,18.155,19.245
2024-02-26T04:40:00Z,175665,4.429,4.144,4.714,11.546,11.602,11.49,11.546,11.602,11.49
2024-02-26T06:30:00Z,175665,6.051,4.785,7.317,19.4235,19.022,19.825,19.4235,19.022,19.825
2024-02-26T18:10:00Z,175665,15.77,10.69,20.85,36.832,36.238,37.426,42.672,41.58,43.764
2024-02-26T08:30:00Z,175665,6.739,5.54,7.938,20.263,19.75,20.776,20.263,19.75,20.776
2024-02-26T12:20:00Z,175665,4.545,4.492,4.598,6.501,6.682,6.32,6.501,6.682,6.32
2024-02-26T01:20:00Z,175665,2.825,2.296,3.354,9.535,9.292,9.778,9.535,9.292,9.778
2024-02-26T22:30:00Z,175665,4.005,4.046,3.964,9.363,9.584,9.142,9.363,9.584,9.142
2024-02-26T03:10:00Z,175665,2.561,2.028,3.094,8.466000000000001,8.4,8.532,8.466000000000001,8.4,8.532
2024-02-26T19:50:00Z,175665,30.392,22.214,38.57,54.412000000000006,53.234,55.59,79.687,77.35,82.024
2024-02-26T16:40:00Z,175665,10.336,7.854,12.818,27.361,26.526,28.196,27.456,26.544,28.368
2024-02-26T09:10:00Z,175665,5.086,4.38,5.792,11.853,11.674,12.032,11.853,11.674,12.032
2024-02-26T16:10:00Z,175665,5.908,5.756,6.06,16.244,16.096,16.392,16.244,16.096,16.392
2024-02-26T15:00:00Z,175665,5.236,3.772,6.7,9.019,9.112,8.926,9.019,9.112,8.926
2024-02-27T02:20:00Z,175665,6.043,5.394,6.692,11.172999999999998,10.806,11.54,11.172999999999998,10.806,11.54
2024-02-27T16:30:00Z,175665,8.677,7.216,10.138,12.824,12.512,13.136,12.824,12.512,13.136
2024-02-27T07:10:00Z,175665,5.958,5.038,6.878,13.353,13.144,13.562,13.353,13.144,13.562
2024-02-27T23:50:00Z,175665,8.179,7.08,9.278,12.162,12.098,12.226,12.162,12.098,12.226
2024-02-27T02:00:00Z,175665,5.517,5.418,5.616,9.787,9.908,9.666,9.787,9.908,9.666
2024-02-27T08:30:00Z,175665,4.58,4.376,4.784,9.216,9.162,9.27,9.216,9.162,9.27
2024-02-27T01:50:00Z,175665,4.98,3.9,6.06,10.112,9.98,10.244,10.112,9.98,10.244
2024-02-27T15:00:00Z,175665,10.788,8.104,13.472,15.079999999999998,14.402,15.758,15.079999999999998,14.402,15.758
2024-02-27T17:00:00Z,175665,7.861,7.192,8.53,11.294,11.192,11.396,11.294,11.192,11.396
2024-02-27T12:10:00Z,175665,7.993,5.574,10.412,10.561,10.204,10.918,10.561,10.204,10.918
2024-02-27T11:10:00Z,175665,9.802,8.28,11.324,11.718,11.608,11.828,12.116,11.956,12.276
2024-02-27T01:20:00Z,175665,5.970000000000001,4.98,6.96,10.715,10.228,11.202,10.715,10.228,11.202
2024-02-27T19:40:00Z,175665,6.946,6.178,7.714,11.267,11.034,11.5,11.267,11.034,11.5
2024-02-28T09:20:00Z,175665,15.191,12.09,18.292,22.39,21.408,23.372,22.39,21.408,23.372
2024-02-28T04:50:00Z,175665,11.444,8.906,13.982,12.415,12.126,12.704,12.415,12.126,12.704
2024-02-28T00:50:00Z,175665,10.709,10.742,10.676,12.682,12.62,12.744,12.682,12.62,12.744
2024-02-28T05:40:00Z,175665,13.008,11.712,14.304,17.679000000000002,17.43,17.928,17.679000000000002,17.43,17.928
2024-02-28T08:10:00Z,175665,11.627,9.658,13.596,18.807,18.16,19.454,18.807,18.16,19.454
2024-02-28T13:50:00Z,175665,14.986,9.452,20.52,24.119,22.798,25.44,24.13,22.798,25.462
2024-02-28T07:00:00Z,175665,16.597,11.578,21.616,19.736,18.714,20.758,19.736,18.714,20.758
2024-02-28T01:00:00Z,175665,12.876,9.33,16.422,14.143,13.506,14.78,14.253,13.618,14.888
2024-02-28T03:50:00Z,175665,13.096,10.174,16.018,12.445,11.83,13.06,12.445,11.83,13.06
2024-02-28T22:10:00Z,175665,3.07,2.082,4.058,5.274,4.98,5.568,5.274,4.98,5.568
2024-02-28T15:40:00Z,175665,17.415,12.22,22.61,31.065,29.982,32.148,32.387,30.732,34.042
2024-02-28T18:20:00Z,175665,12.661,8.996,16.326,26.332,25.758,26.906,26.841,26.22,27.462
2024-02-28T12:30:00Z,175665,12.995,10.19,15.8,21.394,20.974,21.814,21.394,20.974,21.814
2024-02-28T04:00:00Z,175665,11.045,8.99,13.1,12.285,12.052,12.518,12.285,12.052,12.518
2024-02-25T22:40:00Z,175665,2.426,2.682,2.17,9.797,9.798,9.796,9.797,9.798,9.796
2024-02-25T22:50:00Z,175665,2.006,2.032,1.98,8.681000000000001,8.788,8.574,8.681000000000001,8.788,8.574
2024-02-25T17:30:00Z,175665,3.796,3.182,4.41,12.853000000000002,12.63,13.076,12.868,12.656,13.08
2024-02-25T21:40:00Z,175665,2.701,2.75,2.652,10.485,10.62,10.35,10.485,10.62,10.35
2024-02-26T12:30:00Z,175665,4.659,3.736,5.582,6.162,6.116,6.208,6.162,6.116,6.208
2024-02-26T17:50:00Z,175665,20.127,15.288,24.966,45.302,44.78,45.824,59.6,58.35,60.85
2024-02-26T05:50:00Z,175665,6.704000000000001,4.973,8.435,18.5365,18.145,18.928,18.5365,18.145,18.928
2024-02-26T10:50:00Z,175665,4.554,3.768,5.34,8.133,8.016,8.25,8.133,8.016,8.25
2024-02-26T17:00:00Z,175665,7.392,5.516,9.268,20.176,19.998,20.354,20.176,19.998,20.354
2024-02-26T04:30:00Z,175665,3.831,3.42,4.242,10.151,10.104,10.198,10.151,10.104,10.198
2024-02-26T21:30:00Z,175665,11.053,7.43,14.676,27.03,26.38,27.68,27.49,26.742,28.238
2024-02-26T19:10:00Z,175665,50.671,43.352,57.99,97.563,96.084,99.042,147.51999999999998,145.358,149.682
2024-02-26T00:40:00Z,175665,7.326,5.436,9.216,16.304000000000002,15.898,16.71,16.886,16.5,17.272
2024-02-27T14:50:00Z,175665,10.395,8.098,12.692,15.764,14.986,16.542,15.764,14.986,16.542
2024-02-27T06:30:00Z,175665,4.84,3.764,5.916,10.99,10.77,11.21,10.99,10.77,11.21
2024-02-27T21:30:00Z,175665,7.033,7.776,6.29,12.109,12.09,12.128,12.109,12.09,12.128
2024-02-27T04:00:00Z,175665,4.802,3.844,5.76,11.006,10.81,11.202,11.006,10.81,11.202
2024-02-27T01:40:00Z,175665,4.792,3.744,5.84,10.396999999999998,10.206,10.588,10.396999999999998,10.206,10.588
2024-02-27T18:00:00Z,175665,8.251,7.29,9.212,10.991,11.058,10.924,10.991,11.058,10.924
2024-02-27T20:40:00Z,175665,6.497999999999999,5.574,7.422,10.552,10.142,10.962,10.552,10.142,10.962
2024-02-27T19:50:00Z,175665,6.908,6.07,7.746,10.629,10.522,10.736,10.629,10.522,10.736
2024-02-27T08:40:00Z,175665,4.522,4.068,4.976,9.561,9.608,9.514,9.561,9.608,9.514
2024-02-27T03:10:00Z,175665,5.170999999999999,4.704,5.638,10.532,10.27,10.794,10.532,10.27,10.794
2024-02-27T21:00:00Z,175665,7.205,7.056,7.354,11.004,11.256,10.752,11.004,11.256,10.752
2024-02-27T09:40:00Z,175665,4.732,4.11,5.354,8.844999999999999,8.776,8.914,8.844999999999999,8.776,8.914
2024-02-27T11:00:00Z,175665,6.151,5.414,6.888,9.263,9.478,9.048,9.263,9.478,9.048
2024-02-27T04:50:00Z,175665,4.804,3.246,6.362,12.024,11.714,12.334,12.024,11.714,12.334
2024-02-28T09:40:00Z,175665,15.617,10.268,20.966,24.607,24.058,25.156,24.62,24.058,25.182
2024-02-28T14:20:00Z,175665,16.139,12.568,19.71,26.817,25.776,27.858,26.962,25.776,28.148
2024-02-28T07:10:00Z,175665,12.512,10.276,14.748,18.127,17.58,18.674,18.127,17.58,18.674
2024-02-28T01:30:00Z,175665,11.213,9.934,12.492,14.097,13.554,14.64,14.097,13.554,14.64
2024-02-28T04:30:00Z,175665,12.984,11.374,14.594,12.761,12.48,13.042,12.761,12.48,13.042
2024-02-28T23:10:00Z,175665,2.481,1.986,2.976,5.733,5.664,5.802,5.733,5.664,5.802
2024-02-28T03:40:00Z,175665,11.8,9.244,14.356,11.697,11.328,12.066,11.697,11.328,12.066
2024-02-28T05:00:00Z,175665,10.277,9.24,11.314,12.481000000000002,12.396,12.566,12.481000000000002,12.396,12.566
2024-02-28T18:50:00Z,175665,8.988,8.034,9.942,16.487000000000002,16.29,16.684,16.487000000000002,16.29,16.684
2024-02-28T06:10:00Z,175665,12.954,11.194,14.714,14.845,14.214,15.476,14.845,14.214,15.476
2024-02-28T10:50:00Z,175665,13.931,9.612,18.25,26.447,25.674,27.22,26.504,25.678,27.33
2024-02-28T19:50:00Z,175665,3.841,3.582,4.1,7.134,6.772,7.496,7.134,6.772,7.496
2024-02-28T22:30:00Z,175665,2.729,2.232,3.226,5.378,4.942,5.814,5.378,4.942,5.814
2024-02-25T20:40:00Z,175665,2.451,2.576,2.326,9.284,9.228,9.34,9.284,9.228,9.34
2024-02-25T16:50:00Z,175665,1.64,1.776,1.504,5.946,6.066,5.826,5.946,6.066,5.826
2024-02-25T18:20:00Z,175665,1.957,1.466,2.448,7.971,7.862,8.08,7.971,7.862,8.08
2024-02-25T20:20:00Z,175665,2.758,2.528,2.988,9.704,9.624,9.784,9.704,9.624,9.784
2024-02-26T15:20:00Z,175665,4.486000000000001,4.222,4.75,9.561,9.614,9.508,9.561,9.614,9.508
2024-02-26T13:30:00Z,175665,4.065,3.434,4.696,6.836,6.84,6.832,6.836,6.84,6.832
2024-02-26T14:00:00Z,175665,4.4765,4.343,4.61,7.983499999999999,8.03,7.937,7.983499999999999,8.03,7.937
2024-02-26T02:40:00Z,175665,2.534,2.148,2.92,8.418,8.382,8.454,8.418,8.382,8.454
2024-02-26T11:10:00Z,175665,6.475,5.105,7.845,9.2275,9.013,9.442,9.9525,9.785,10.12
2024-02-26T17:10:00Z,175665,10.573,8.658,12.488,27.568,27.276,27.86,28.018,27.616,28.42
2024-02-26T22:00:00Z,175665,10.997,9.028,12.966,21.604,21.064,22.144,21.715,21.064,22.366
2024-02-26T10:40:00Z,175665,6.699,4.82,8.578,10.883,10.254,11.512,11.187,10.496,11.878
2024-02-26T00:10:00Z,175665,5.6815,3.64,7.723,14.954,14.835,15.073,15.3885,15.25,15.527
2024-02-26T00:20:00Z,175665,3.231,3.404,3.058,11.791,11.904,11.678,11.791,11.904,11.678
2024-02-26T20:40:00Z,175665,19.896,13.602,26.19,41.488,40.93,42.046,51.289,50.09,52.488
2024-02-26T10:00:00Z,175665,4.198,3.406,4.99,8.774000000000001,8.318,9.23,8.774000000000001,8.318,9.23
2024-02-26T13:40:00Z,175665,4.665,4.676,4.654,7.484,7.396,7.572,7.484,7.396,7.572
2024-02-26T08:50:00Z,175665,5.811,5.545,6.077,18.0935,18.03,18.157,18.0935,18.03,18.157
2024-02-26T04:00:00Z,175665,3.15,2.965,3.335,8.941500000000001,8.938,8.945,8.941500000000001,8.938,8.945
2024-02-26T04:20:00Z,175665,3.678,3.294,4.062,9.682,9.502,9.862,9.682,9.502,9.862
2024-02-26T01:10:00Z,175665,3.5460000000000003,3.352,3.74,10.669,10.434,10.904,10.669,10.434,10.904
2024-02-27T23:40:00Z,175665,9.793,7.88,11.706,12.506,11.84,13.172,12.506,11.84,13.172
2024-02-27T22:40:00Z,175665,9.091,7.08,11.102,15.001,14.626,15.376,15.001,14.626,15.376
2024-02-27T10:00:00Z,175665,4.589,4.214,4.964,8.289,7.952,8.626,8.289,7.952,8.626
2024-02-27T05:10:00Z,175665,5.604,5.748,5.46,15.625,15.346,15.904,15.625,15.346,15.904
2024-02-27T19:20:00Z,175665,7.723,5.686,9.76,11.486,10.944,12.028,11.486,10.944,12.028
2024-02-27T23:20:00Z,175665,8.983,7.632,10.334,13.134,12.826,13.442,13.134,12.826,13.442
2024-02-27T05:00:00Z,175665,5.6240000000000006,3.7,7.548,14.971,14.334,15.608,14.971,14.334,15.608
2024-02-27T03:00:00Z,175665,6.429,3.946,8.912,10.924,10.15,11.698,10.924,10.15,11.698
2024-02-27T23:30:00Z,175665,9.249,7.796,10.702,13.183,13.016,13.35,13.183,13.016,13.35
2024-02-27T00:30:00Z,175665,5.924,4.3,7.548,12.763,12.362,13.164,12.763,12.362,13.164
2024-02-28T00:40:00Z,175665,11.966,9.524,14.408,13.578,13.138,14.018,13.578,13.138,14.018
2024-02-28T20:50:00Z,175665,7.579000000000001,5.674,9.484,14.65,14.052,15.248,14.65,14.052,15.248
2024-02-28T20:20:00Z,175665,3.745,3.208,4.282,7.16,7.238,7.082,7.16,7.238,7.082
2024-02-28T22:50:00Z,175665,2.793,2.64,2.946,5.496,5.432,5.56,5.496,5.432,5.56
2024-02-28T23:40:00Z,175665,3.023,2.334,3.712,5.096,5.08,5.112,5.096,5.08,5.112
2024-02-28T22:40:00Z,175665,2.608,1.994,3.222,5.218,5.12,5.316,5.218,5.12,5.316
2024-02-28T22:20:00Z,175665,3.366,2.744,3.988,6.119999999999999,5.978,6.262,6.119999999999999,5.978,6.262
2024-02-28T03:00:00Z,175665,9.768,8.386,11.15,12.592,12.124,13.06,12.592,12.124,13.06
2024-02-28T09:30:00Z,175665,14.986,11.62,18.352,23.936,23.42,24.452,23.950000000000003,23.42,24.48
2024-02-28T18:30:00Z,175665,10.625,7.842,13.408,22.294,22.058,22.53,22.294,22.058,22.53
2024-02-28T19:40:00Z,175665,4.267,3.8,4.734,6.813,6.834,6.792,6.813,6.834,6.792
2024-02-28T12:10:00Z,175665,14.428,11.676,17.18,22.067,21.598,22.536,22.067,21.598,22.536
2024-02-28T22:00:00Z,175665,3.3,2.74,3.86,5.304,5.172,5.436,5.304,5.172,5.436
2024-02-28T19:20:00Z,175665,4.791,3.99,5.592,9.76,9.67,9.85,9.76,9.67,9.85
2024-02-25T23:00:00Z,175665,2.475,1.858,3.092,8.744,8.762,8.726,8.744,8.762,8.726
2024-02-25T23:20:00Z,175665,4.17,2.942,5.398,13.947,13.758,14.136,13.949,13.762,14.136
2024-02-25T21:10:00Z,175665,2.556,2.394,2.718,9.126,8.998,9.254,9.126,8.998,9.254
2024-02-25T20:00:00Z,175665,3.154,2.872,3.436,11.579,11.5,11.658,11.579,11.5,11.658
2024-02-25T18:10:00Z,175665,4.088,2.866,5.31,15.003,14.716,15.29,16.752000000000002,16.512,16.992
2024-02-25T16:40:00Z,175665,2.141,1.732,2.55,6.038,5.872,6.204,6.038,5.872,6.204
2024-02-26T20:20:00Z,175665,27.004,21.082,32.926,49.104,48.634,49.574,69.52799999999999,68.086,70.97
2024-02-26T10:10:00Z,175665,5.644,4.77,6.518,8.876999999999999,8.506,9.248,8.876999999999999,8.506,9.248
2024-02-26T08:00:00Z,175665,8.325,5.595,11.055,23.941000000000003,22.89,24.992,23.941000000000003,22.89,24.992
2024-02-26T02:30:00Z,175665,2.51,2.012,3.008,8.411999999999999,8.298,8.526,8.411999999999999,8.298,8.526
2024-02-26T22:40:00Z,175665,5.112,4.274,5.95,9.03,8.988,9.072,9.03,8.988,9.072
2024-02-26T13:00:00Z,175665,4.705,3.778,5.632,6.914,6.856,6.972,6.914,6.856,6.972
2024-02-26T03:00:00Z,175665,2.835,2.07,3.6,8.434000000000001,8.392,8.476,8.434000000000001,8.392,8.476
2024-02-26T06:50:00Z,175665,6.877,5.074,8.68,20.042,19.542,20.542,20.042,19.542,20.542
2024-02-26T18:30:00Z,175665,5.963,4.738,7.188,14.636,14.26,15.012,14.636,14.26,15.012
2024-02-26T06:10:00Z,175665,7.12,5.58,8.66,17.6,16.91,18.29,17.6,16.91,18.29
2024-02-27T00:40:00Z,175665,5.5120000000000005,4.792,6.232,13.007,12.504,13.51,13.007,12.504,13.51
2024-02-27T04:40:00Z,175665,4.823,4.018,5.628,11.251,10.676,11.826,11.251,10.676,11.826
2024-02-27T10:40:00Z,175665,5.452,3.97,6.934,8.512,8.346,8.678,8.512,8.346,8.678
2024-02-27T11:40:00Z,175665,8.328,7.368,9.288,10.441,10.392,10.49,10.441,10.392,10.49
2024-02-27T15:50:00Z,175665,9.136,6.582,11.69,14.405,13.862,14.948,14.405,13.862,14.948
2024-02-27T16:10:00Z,175665,8.524000000000001,7.626,9.422,13.021,12.69,13.352,13.021,12.69,13.352
2024-02-27T20:00:00Z,175665,7.266999999999999,6.582,7.952,10.063,9.796,10.33,10.063,9.796,10.33
2024-02-27T13:00:00Z,175665,9.267,7.21,11.324,13.132,12.648,13.616,13.132,12.648,13.616
2024-02-27T20:50:00Z,175665,6.962,6.05,7.874,11.363,11.176,11.55,11.363,11.176,11.55
2024-02-27T08:20:00Z,175665,5.735,4.674,6.796,8.545,8.25,8.84,8.545,8.25,8.84
2024-02-27T03:30:00Z,175665,5.678,4.034,7.322,10.438,10.012,10.864,10.438,10.012,10.864
2024-02-27T14:10:00Z,175665,8.888,7.582,10.194,11.546,11.24,11.852,11.546,11.24,11.852
2024-02-28T07:50:00Z,175665,12.435,10.276,14.594,17.027,16.566,17.488,17.027,16.566,17.488
2024-02-28T02:40:00Z,175665,12.606,9.756,15.456,12.878,12.366,13.39,12.878,12.366,13.39
2024-02-28T13:10:00Z,175665,11.967,9.792,14.142,22.53,21.916,23.144,22.53,21.916,23.144
2024-02-28T08:00:00Z,175665,13.605,10.904,16.306,18.011000000000003,17.478,18.544,18.011000000000003,17.478,18.544
2024-02-28T05:10:00Z,175665,11.957,8.868,15.046,13.133,12.636,13.63,13.133,12.636,13.63
2024-02-28T00:20:00Z,175665,10.733,8.396,13.07,12.96,12.2,13.72,12.96,12.2,13.72
2024-02-28T10:30:00Z,175665,13.5,9.398,17.602,25.129,24.284,25.974,25.133,24.284,25.982
2024-02-28T11:50:00Z,175665,10.926,10.11,11.742,23.108,22.96,23.256,23.108,22.96,23.256
2024-02-28T20:30:00Z,175665,4.292,3.974,4.61,8.475999999999999,8.482,8.47,8.475999999999999,8.482,8.47
2024-02-28T08:30:00Z,175665,13.494,11.578,15.41,20.313,19.976,20.65,20.313,19.976,20.65
2024-02-28T17:30:00Z,175665,14.89,11.832,17.948,32.23,31.736,32.724,34.150000000000006,33.264,35.036
2024-02-28T15:30:00Z,175665,19.673,12.408,26.938,30.727,29.142,32.312,31.895,29.524,34.266
2024-02-28T23:50:00Z,175665,5.873,4.11,7.636,8.733,8.434,9.032,8.884,8.51,9.258
2024-02-28T00:30:00Z,175665,11.448,8.688,14.208,14.076,13.406,14.746,14.076,13.406,14.746
2024-02-25T16:20:00Z,175665,2.226,1.726,2.726,6.067,6.152,5.982,6.067,6.152,5.982
2024-02-26T08:10:00Z,175665,7.716,6.49,8.942,23.915,23.226,24.604,23.915,23.226,24.604
2024-02-26T22:20:00Z,175665,5.098,3.64,6.556,9.916,9.59,10.242,9.916,9.59,10.242
2024-02-26T21:40:00Z,175665,8.131,8.454,7.808,21.129,21.192,21.066,21.168,21.224,21.112
2024-02-26T09:50:00Z,175665,5.207,4.834,5.58,9.196000000000002,8.938,9.454,9.196000000000002,8.938,9.454
2024-02-26T11:30:00Z,175665,4.562,4.618,4.506,6.284,6.314,6.254,6.284,6.314,6.254
2024-02-26T21:10:00Z,175665,11.832,8.718,14.946,27.587,26.764,28.41,27.815,26.85,28.78
2024-02-26T16:50:00Z,175665,8.101,6.53,9.672,22.976,22.308,23.644,23.007,22.326,23.688
2024-02-26T09:00:00Z,175665,6.371,4.784,7.958,16.21,15.736,16.684,16.21,15.736,16.684
2024-02-26T17:20:00Z,175665,13.361,9.806,16.916,31.936,31.67,32.202,33.833,33.474,34.192
2024-02-26T04:10:00Z,175665,4.195,3.656,4.734,9.199,9.102,9.296,9.199,9.102,9.296
2024-02-26T11:40:00Z,175665,4.889,3.43,6.348,6.5920000000000005,6.48,6.704,6.5920000000000005,6.48,6.704
2024-02-26T14:10:00Z,175665,4.939,4.438,5.44,8.488,8.446,8.53,8.488,8.446,8.53
2024-02-27T05:50:00Z,175665,4.618,3.852,5.384,16.729,16.19,17.268,16.729,16.19,17.268
2024-02-27T22:30:00Z,175665,8.869,7.978,9.76,14.13,13.98,14.28,14.13,13.98,14.28
2024-02-27T22:50:00Z,175665,9.009,8.13,9.888,14.104,13.974,14.234,14.104,13.974,14.234
2024-02-27T04:10:00Z,175665,4.561999999999999,3.904,5.22,10.601,10.034,11.168,10.601,10.034,11.168
2024-02-27T06:50:00Z,175665,6.502000000000001,4.992,8.012,15.321,15.086,15.556,15.321,15.086,15.556
2024-02-27T18:40:00Z,175665,6.721,5.91,7.532,10.229,10.11,10.348,10.229,10.11,10.348
2024-02-27T19:00:00Z,175665,6.641,6.152,7.13,11.117,10.99,11.244,11.117,10.99,11.244
2024-02-27T09:30:00Z,175665,5.563000000000001,4.782,6.344,9.012,8.824,9.2,9.012,8.824,9.2
2024-02-27T12:20:00Z,175665,7.914999999999999,6.64,9.19,10.635,10.134,11.136,10.635,10.134,11.136
2024-02-27T15:30:00Z,175665,9.649,8.16,11.138,15.118,14.814,15.422,15.118,14.814,15.422
2024-02-27T00:00:00Z,175665,4.991,4.516,5.466,12.382,12.02,12.744,12.382,12.02,12.744
2024-02-27T06:00:00Z,175665,4.839,4.298,5.38,17.137,16.956,17.318,17.137,16.956,17.318
2024-02-27T18:20:00Z,175665,6.254,5.01,7.498,10.449,10.166,10.732,10.449,10.166,10.732
2024-02-27T07:50:00Z,175665,6.209,5.626,6.792,15.338,15.156,15.52,15.338,15.156,15.52
2024-02-27T12:00:00Z,175665,8.872,7.304,10.44,11.007,10.618,11.396,11.021,10.628,11.414
2024-02-28T06:00:00Z,175665,12.811,12.45,13.172,14.102,13.97,14.234,14.102,13.97,14.234
2024-02-28T05:30:00Z,175665,12.594,9.946,15.242,17.081,16.74,17.422,17.081,16.74,17.422
2024-02-28T16:00:00Z,175665,16.707,11.564,21.85,31.566000000000003,30.886,32.246,33.109,31.972,34.246
2024-02-28T01:40:00Z,175665,10.821,8.122,13.52,13.514,12.998,14.03,13.514,12.998,14.03
2024-02-28T16:50:00Z,175665,14.259999999999998,11.504,17.016,31.391,30.852,31.93,32.861999999999995,32.004,33.72
2024-02-28T19:00:00Z,175665,6.668,5.344,7.992,14.4,14.136,14.664,14.4,14.136,14.664
2024-02-28T18:10:00Z,175665,16.746000000000002,12.308,21.184,33.048,32.374,33.722,35.608999999999995,34.562,36.656
2024-02-28T11:20:00Z,175665,12.192,9.842,14.542,24.523,23.896,25.15,24.533,23.896,25.17
2024-02-28T23:20:00Z,175665,2.781,2.512,3.05,5.197,5.118,5.276,5.197,5.118,5.276
2024-02-28T04:20:00Z,175665,13.169,10.64,15.698,12.791,12.108,13.474,12.791,12.108,13.474
2024-02-28T09:10:00Z,175665,14.544,10.382,18.706,20.815,19.75,21.88,20.815,19.75,21.88
2024-02-28T16:40:00Z,175665,17.659,14.672,20.646,32.303,31.784,32.822,34.347,33.476,35.218
2024-02-28T10:10:00Z,175665,14.078,10.976,17.18,25.517,24.686,26.348,25.546,24.686,26.406
2024-02-28T08:40:00Z,175665,14.494,11.094,17.894,18.037,17.038,19.036,18.037,17.038,19.036
2024-02-28T07:40:00Z,175665,13.159,10.844,15.474,17.716,17.416,18.016,17.716,17.416,18.016
2024-02-28T07:20:00Z,175665,12.412,8.966,15.858,17.256999999999998,16.646,17.868,17.256999999999998,16.646,17.868
2024-02-25T18:30:00Z,175665,2.286,2.018,2.554,6.9350000000000005,6.914,6.956,6.9350000000000005,6.914,6.956
2024-02-25T22:00:00Z,175665,2.6950000000000003,2.41,2.98,10.422,10.058,10.786,10.422,10.058,10.786
2024-02-25T16:00:00Z,175665,1.8135,1.605,2.022,6.005,5.56,6.45,6.005,5.56,6.45
2024-02-25T18:50:00Z,175665,1.625,1.8,1.45,6.541,6.57,6.512,6.541,6.57,6.512
2024-02-25T15:50:00Z,175665,2.1065,1.873,2.34,6.6965,6.48,6.913,6.6965,6.48,6.913
2024-02-25T23:10:00Z,175665,5.323,4.406,6.24,14.048,14.134,13.962,15.005,14.928,15.082
2024-02-25T20:30:00Z,175665,3.282,2.784,3.78,9.226,9.122,9.33,9.226,9.122,9.33
2024-02-25T19:20:00Z,175665,2.136,2.104,2.168,9.54,9.75,9.33,9.54,9.75,9.33
2024-02-25T22:30:00Z,175665,2.167,2.318,2.016,9.694,9.678,9.71,9.694,9.678,9.71
2024-02-25T19:50:00Z,175665,1.855,1.407,2.303,7.855,7.87,7.84,7.855,7.87,7.84
2024-02-26T05:30:00Z,175665,6.595,4.792,8.398,15.618,14.834,16.402,15.618,14.834,16.402
2024-02-26T18:00:00Z,175665,17.913,13.698,22.128,42.518,41.954,43.082,53.146,51.99,54.302
2024-02-26T06:00:00Z,175665,5.821,5.026,6.616,17.982999999999997,17.862,18.104,17.982999999999997,17.862,18.104
2024-02-26T20:30:00Z,175665,27.035,20.68,33.39,48.619,48.172,49.066,68.118,67.112,69.124
2024-02-26T00:00:00Z,175665,2.851,2.368,3.334,13.123,13.036,13.21,13.123,13.036,13.21
2024-02-26T16:30:00Z,175665,8.879,6.748,11.01,22.184,21.56,22.808,22.199,21.56,22.838
2024-02-26T05:40:00Z,175665,5.5525,4.127,6.978,18.649,18.313,18.985,18.649,18.313,18.985
2024-02-26T15:10:00Z,175665,5.163,4.036,6.29,9.167,8.888,9.446,9.167,8.888,9.446
2024-02-26T01:40:00Z,175665,3.014,2.198,3.83,9.476,9.412,9.54,9.476,9.412,9.54
2024-02-26T15:40:00Z,175665,5.879,4.468,7.29,11.102,10.858,11.346,11.102,10.858,11.346
2024-02-26T01:50:00Z,175665,2.839,2.522,3.156,9.02,8.898,9.142,9.02,8.898,9.142
2024-02-26T12:40:00Z,175665,5.125,3.864,6.386,6.904999999999999,6.6,7.21,6.904999999999999,6.6,7.21
2024-02-26T19:20:00Z,175665,54.762,45.914,63.61,96.898,95.346,98.45,146.489,144.21,148.768
2024-02-26T21:00:00Z,175665,13.262,8.61,17.914,31.246,30.666,31.826,32.741,31.69,33.792
2024-02-26T14:20:00Z,175665,4.066,3.912,4.22,8.21,8.008,8.412,8.21,8.008,8.412
2024-02-27T07:00:00Z,175665,6.475,5.862,7.088,17.214,16.698,17.73,17.214,16.698,17.73
2024-02-27T06:10:00Z,175665,5.551,4.646,6.456,16.211,16.072,16.35,16.211,16.072,16.35
2024-02-27T09:20:00Z,175665,4.767,3.956,5.578,8.669,8.524,8.814,8.669,8.524,8.814
2024-02-27T10:20:00Z,175665,5.367,4.054,6.68,8.404,8.012,8.796,8.404,8.012,8.796
2024-02-27T07:20:00Z,175665,5.464,4.884,6.044,12.037,11.778,12.296,12.037,11.778,12.296
2024-02-27T02:30:00Z,175665,5.3100000000000005,3.686,6.934,10.715,10.34,11.09,10.715,10.34,11.09
2024-02-27T01:10:00Z,175665,4.98,4.556,5.404,10.259,9.95,10.568,10.259,9.95,10.568
2024-02-27T01:00:00Z,175665,6.1080000000000005,4.236,7.98,11.564,10.94,12.188,11.564,10.94,12.188
2024-02-27T05:20:00Z,175665,5.497999999999999,4.52,6.476,18.318,17.94,18.696,18.318,17.94,18.696
2024-02-27T14:20:00Z,175665,10.018,8.894,11.142,13.903,13.66,14.146,13.903,13.66,14.146
2024-02-27T11:20:00Z,175665,6.666,6.058,7.274,9.125,8.934,9.316,9.125,8.934,9.316
2024-02-27T13:10:00Z,175665,9.613,8.32,10.906,12.204,11.916,12.492,12.204,11.916,12.492
2024-02-27T22:20:00Z,175665,8.002,6.158,9.846,13.13,12.818,13.442,13.13,12.818,13.442
2024-02-27T17:20:00Z,175665,8.737,7.304,10.17,11.471,11.138,11.804,11.471,11.138,11.804
2024-02-28T13:30:00Z,175665,13.597,9.34,17.854,22.741,21.65,23.832,22.741,21.65,23.832
2024-02-28T19:30:00Z,175665,4.352,3.398,5.306,7.898,7.658,8.138,7.898,7.658,8.138
2024-02-28T12:50:00Z,175665,12.827,9.886,15.768,22.217,21.424,23.01,22.217,21.424,23.01
2024-02-28T06:40:00Z,175665,12.98,11.064,14.896,17.408,16.88,17.936,17.408,16.88,17.936
2024-02-28T01:50:00Z,175665,10.453,9.7,11.206,13.174,12.976,13.372,13.174,12.976,13.372
2024-02-28T20:40:00Z,175665,5.58,4.138,7.022,10.502,10.4,10.604,10.502,10.4,10.604
2024-02-28T17:50:00Z,175665,17.048000000000002,12.47,21.626,33.045,32.348,33.742,35.586,34.43,36.742
2024-02-28T04:10:00Z,175665,11.994,9.094,14.894,12.289,11.53,13.048,12.289,11.53,13.048
2024-02-28T21:40:00Z,175665,3.264,2.734,3.794,5.304,5.158,5.45,5.304,5.158,5.45
2024-02-28T04:40:00Z,175665,11.723,10.796,12.65,12.398,12.362,12.434,12.398,12.362,12.434
2024-02-28T02:20:00Z,175665,9.041,9.34,8.742,12.321,12.43,12.212,12.321,12.43,12.212
2024-02-28T03:30:00Z,175665,9.934,8.484,11.384,12.318,12.094,12.542,12.318,12.094,12.542
2024-02-25T16:10:00Z,175665,3.913,3.464,4.362,6.877,6.736,7.018,6.882,6.746,7.018
2024-02-25T19:10:00Z,175665,2.067,1.826,2.308,8.841000000000001,8.868,8.814,8.841000000000001,8.868,8.814
2024-02-25T21:00:00Z,175665,2.707,2.196,3.218,9.439,9.224,9.654,9.439,9.224,9.654
2024-02-25T17:20:00Z,175665,2.07,1.47,2.67,8.725999999999999,8.634,8.818,8.725999999999999,8.634,8.818
2024-02-25T20:10:00Z,175665,3.608,3.11,4.106,11.059,10.88,11.238,11.059,10.88,11.238
2024-02-26T10:20:00Z,175665,4.895,4.414,5.376,8.462,8.316,8.608,8.462,8.316,8.608
2024-02-26T00:30:00Z,175665,2.471,3.078,1.864,11.345,11.326,11.364,11.345,11.326,11.364
2024-02-26T13:20:00Z,175665,5.140000000000001,3.684,6.596,7.09,6.844,7.336,7.09,6.844,7.336
2024-02-26T23:30:00Z,175665,7.284,7.008,7.56,13.928,14.038,13.818,15.034,15.136,14.932
2024-02-26T23:50:00Z,175665,5.5,3.728,7.272,11.038,10.924,11.152,11.038,10.924,11.152
2024-02-26T00:50:00Z,175665,2.691,2.542,2.84,10.929,10.624,11.234,10.929,10.624,11.234
2024-02-26T04:50:00Z,175665,4.421,3.472,5.37,11.613,11.302,11.924,11.613,11.302,11.924
2024-02-26T19:40:00Z,175665,39.899,33.676,46.122,74.00999999999999,73.268,74.752,112.166,111.038,113.294
2024-02-26T06:40:00Z,175665,6.856,5.078,8.634,20.574,20.0,21.148,20.574,20.0,21.148
2024-02-26T15:30:00Z,175665,5.324,3.83,6.818,10.326,9.74,10.912,10.326,9.74,10.912
2024-02-26T21:20:00Z,175665,8.926,6.57,11.282,19.795,19.56,20.03,20.21,20.008,20.412
2024-02-26T02:00:00Z,175665,3.45,2.558,4.342,9.3185,9.152,9.485,9.3185,9.152,9.485
2024-02-26T12:00:00Z,175665,5.254,4.076,6.432,7.416,7.374,7.458,7.458,7.39,7.526
2024-02-26T20:00:00Z,175665,33.809,27.258,40.36,59.57899999999999,58.626,60.532,90.493,89.0,91.986
2024-02-26T23:40:00Z,175665,5.513,5.114,5.912,10.745,10.644,10.846,10.745,10.644,10.846
2024-02-26T07:20:00Z,175665,9.097,6.982,11.212,25.602,24.708,26.496,25.613,24.708,26.518
2024-02-27T11:30:00Z,175665,7.098000000000001,5.472,8.724,9.625,9.262,9.988,9.625,9.262,9.988
2024-02-27T08:10:00Z,175665,4.864,5.244,4.484,9.743,9.672,9.814,9.743,9.672,9.814
2024-02-27T16:20:00Z,175665,8.033000000000001,7.41,8.656,12.375,12.238,12.512,12.375,12.238,12.512
2024-02-27T23:00:00Z,175665,8.639,9.114,8.164,13.995,13.922,14.068,13.995,13.922,14.068
2024-02-27T16:00:00Z,175665,9.552,8.798,10.306,13.757,13.564,13.95,13.757,13.564,13.95
2024-02-27T16:40:00Z,175665,9.804,6.868,12.74,13.262,12.476,14.048,13.262,12.476,14.048
2024-02-27T08:50:00Z,175665,3.957,3.618,4.296,8.953,9.062,8.844,8.953,9.062,8.844
2024-02-27T03:50:00Z,175665,4.894,5.1,4.688,10.5,10.188,10.812,10.5,10.188,10.812
2024-02-27T13:20:00Z,175665,9.317,7.954,10.68,11.24,10.82,11.66,11.24,10.82,11.66
2024-02-27T05:40:00Z,175665,5.876,4.364,7.388,17.317,16.884,17.75,17.317,16.884,17.75
2024-02-27T20:20:00Z,175665,5.382,4.422,6.342,9.756,9.316,10.196,9.756,9.316,10.196
2024-02-28T01:10:00Z,175665,11.469,9.54,13.398,13.699000000000002,13.316,14.082,13.699000000000002,13.316,14.082
2024-02-28T18:00:00Z,175665,16.642,12.714,20.57,32.852000000000004,32.518,33.186,35.230999999999995,34.696,35.766
2024-02-28T23:30:00Z,175665,3.441,2.784,4.098,4.961,4.772,5.15,4.961,4.772,5.15
2024-02-28T20:10:00Z,175665,6.417,4.066,8.768,12.922,12.52,13.324,12.922,12.52,13.324
2024-02-28T21:30:00Z,175665,3.513,2.956,4.07,6.016,5.788,6.244,6.016,5.788,6.244
2024-02-28T06:50:00Z,175665,15.28,11.634,18.926,19.411,18.666,20.156,19.411,18.666,20.156
2024-02-28T12:00:00Z,175665,12.55,8.726,16.374,22.531,21.678,23.384,22.531,21.678,23.384
2024-02-28T00:00:00Z,175665,9.934,8.264,11.604,12.849,12.404,13.294,12.849,12.404,13.294
2024-02-28T13:20:00Z,175665,14.094,10.16,18.028,22.515,21.58,23.45,22.515,21.58,23.45
2024-02-28T13:00:00Z,175665,12.681,9.118,16.244,22.745,21.818,23.672,22.745,21.818,23.672
2024-02-28T17:10:00Z,175665,16.777,12.948,20.606,31.727,31.234,32.22,33.373000000000005,32.552,34.194
2024-02-28T00:10:00Z,175665,10.207,6.92,13.494,13.094,12.248,13.94,13.094,12.248,13.94
2024-02-25T17:40:00Z,175665,3.151,2.928,3.374,12.496,12.734,12.258,12.496,12.734,12.258
2024-02-29T11:00:00Z,175665,1.043,0.686,1.4,1.311,1.232,1.39,1.311,1.232,1.39
2024-02-29T20:50:00Z,175665,1.746,1.352,2.14,3.865,3.756,3.974,3.865,3.756,3.974
2024-02-29T02:20:00Z,175665,1.813,1.624,2.002,3.675,3.664,3.686,3.675,3.664,3.686
2024-02-29T07:30:00Z,175665,0.817,0.746,0.888,0.845,0.85,0.84,0.845,0.85,0.84
2024-02-29T23:10:00Z,175665,1.794,1.882,1.706,3.342,3.312,3.372,3.342,3.312,3.372
2024-02-29T17:10:00Z,175665,1.61,1.348,1.872,2.277,2.178,2.376,2.277,2.178,2.376
2024-02-29T04:50:00Z,175665,1.168,0.888,1.448,0.871,0.728,1.014,0.871,0.728,1.014
2024-02-29T12:50:00Z,175665,1.644,1.422,1.866,1.332,1.23,1.434,1.332,1.23,1.434
2024-02-29T04:40:00Z,175665,0.923,1.122,0.724,1.02,1.022,1.018,1.02,1.022,1.018
2024-02-29T16:50:00Z,175665,1.796,1.56,2.032,2.222,2.07,2.374,2.222,2.07,2.374
2024-02-29T14:20:00Z,175665,1.402,1.302,1.502,1.61,1.492,1.728,1.61,1.492,1.728
2024-02-29T18:40:00Z,175665,1.747,1.484,2.01,3.117,2.952,3.282,3.117,2.952,3.282
2024-02-29T12:20:00Z,175665,1.144,1.482,0.806,1.145,1.136,1.154,1.145,1.136,1.154
2024-02-29T21:40:00Z,175665,3.967,3.936,3.998,10.912,10.732,11.092,10.912,10.732,11.092
2024-02-29T04:10:00Z,175665,0.913,1.174,0.652,1.744,1.82,1.668,1.744,1.82,1.668
2024-02-29T04:00:00Z,175665,1.623,1.578,1.668,2.47,2.502,2.438,2.47,2.502,2.438
2024-02-29T20:30:00Z,175665,1.828,1.398,2.258,3.895,3.75,4.04,3.895,3.75,4.04
2024-02-29T16:20:00Z,175665,1.102,0.81,1.394,1.6720000000000002,1.478,1.866,1.6720000000000002,1.478,1.866
2024-02-29T01:10:00Z,175665,1.6869999999999998,1.684,1.69,3.398,3.402,3.394,3.398,3.402,3.394
2024-02-29T22:10:00Z,175665,2.97,3.192,2.748,8.37,8.386,8.354,8.37,8.386,8.354
2024-02-29T17:30:00Z,175665,1.377,1.26,1.494,2.467,2.296,2.638,2.467,2.296,2.638
2024-02-29T13:50:00Z,175665,1.263,1.362,1.164,1.4049999999999998,1.41,1.4,1.4049999999999998,1.41,1.4
2024-02-29T15:00:00Z,175665,1.535,1.384,1.686,1.726,1.834,1.618,1.726,1.834,1.618
2024-02-29T15:30:00Z,175665,1.468,1.432,1.504,1.51,1.418,1.602,1.51,1.418,1.602
2024-02-29T00:00:00Z,175665,2.256,1.604,2.908,4.119,3.952,4.286,4.119,3.952,4.286
2024-02-29T23:40:00Z,175665,1.292,1.234,1.35,2.6710000000000003,2.58,2.762,2.6710000000000003,2.58,2.762
2024-02-29T10:30:00Z,175665,0.918,0.964,0.872,1.152,1.064,1.24,1.152,1.064,1.24
2024-02-29T11:50:00Z,175665,5.318,4.702,5.934,6.317,6.396,6.238,7.794,7.898,7.69
2024-02-29T05:20:00Z,175665,0.8300000000000001,0.636,1.024,1.101,1.016,1.186,1.101,1.016,1.186
2024-02-29T21:00:00Z,175665,1.817,1.524,2.11,3.815,3.702,3.928,3.815,3.702,3.928
2024-02-29T03:50:00Z,175665,1.624,1.358,1.89,3.0890000000000004,2.966,3.212,3.0890000000000004,2.966,3.212
2024-02-29T07:40:00Z,175665,0.762,0.78,0.744,0.685,0.784,0.586,0.685,0.784,0.586
2024-02-29T13:20:00Z,175665,1.436,1.576,1.296,1.468,1.45,1.486,1.468,1.45,1.486
2024-02-29T03:30:00Z,175665,1.982,1.566,2.398,3.041,3.0,3.082,3.041,3.0,3.082
2024-02-29T09:40:00Z,175665,1.034,0.704,1.364,0.565,0.65,0.48,0.565,0.65,0.48
2024-02-29T01:00:00Z,175665,1.411,1.418,1.404,3.321,3.13,3.512,3.321,3.13,3.512
2024-02-29T21:20:00Z,175665,7.819000000000001,6.488,9.15,19.963,19.394,20.532,19.963,19.394,20.532
2024-02-29T17:40:00Z,175665,1.6669999999999998,1.648,1.686,2.394,2.338,2.45,2.394,2.338,2.45
2024-02-29T18:20:00Z,175665,1.476,1.172,1.78,2.781,2.666,2.896,2.781,2.666,2.896
2024-02-29T12:30:00Z,175665,0.99,0.688,1.292,1.173,1.098,1.248,1.173,1.098,1.248
2024-02-29T10:50:00Z,175665,1.012,1.096,0.928,1.424,1.492,1.356,1.424,1.492,1.356
2024-02-29T02:30:00Z,175665,1.893,1.69,2.096,3.589,3.536,3.642,3.589,3.536,3.642
2024-02-29T17:00:00Z,175665,1.541,1.306,1.776,2.2430000000000003,2.068,2.418,2.2430000000000003,2.068,2.418
2024-02-29T02:50:00Z,175665,1.796,1.594,1.998,3.7,3.334,4.066,3.7,3.334,4.066
2024-02-29T07:10:00Z,175665,1.248,1.076,1.42,1.191,1.028,1.354,1.191,1.028,1.354
2024-02-29T18:50:00Z,175665,1.639,1.956,1.322,3.1340000000000003,2.994,3.274,3.1340000000000003,2.994,3.274
2024-02-29T01:30:00Z,175665,1.8,1.496,2.104,3.3680000000000003,3.244,3.492,3.3680000000000003,3.244,3.492
2024-02-29T21:10:00Z,175665,2.196,2.13,2.262,4.804,4.674,4.934,4.804,4.674,4.934
2024-02-29T19:20:00Z,175665,1.5779999999999998,1.136,2.02,3.504,3.254,3.754,3.504,3.254,3.754
2024-02-29T10:10:00Z,175665,1.421,1.096,1.746,1.607,1.402,1.812,1.607,1.402,1.812
2024-02-29T17:50:00Z,175665,1.302,1.404,1.2,2.534,2.52,2.548,2.534,2.52,2.548
2024-02-29T06:00:00Z,175665,0.836,0.83,0.842,0.889,0.906,0.872,0.891,0.91,0.872
2024-02-29T03:00:00Z,175665,2.601,2.406,2.796,3.523,3.338,3.708,3.523,3.338,3.708
2024-02-29T12:00:00Z,175665,1.397,1.092,1.702,1.319,1.262,1.376,1.319,1.262,1.376
2024-02-29T08:20:00Z,175665,0.79,0.894,0.686,0.806,0.85,0.762,0.806,0.85,0.762
2024-02-29T22:00:00Z,175665,2.157,2.046,2.268,7.274,7.112,7.436,7.274,7.112,7.436
2024-02-29T18:30:00Z,175665,1.706,1.864,1.548,2.987,3.0,2.974,2.987,3.0,2.974
2024-02-29T13:00:00Z,175665,1.2999999999999998,1.156,1.444,1.435,1.372,1.498,1.435,1.372,1.498
2024-02-29T23:20:00Z,175665,1.4185,1.137,1.7,2.8285,2.727,2.93,2.8285,2.727,2.93
2024-02-29T08:10:00Z,175665,0.6659999999999999,0.732,0.6,0.71,0.716,0.704,0.71,0.716,0.704
2024-02-29T02:00:00Z,175665,2.202,1.9,2.504,3.696,3.724,3.668,3.696,3.724,3.668
2024-02-29T00:10:00Z,175665,1.632,1.334,1.93,3.299,3.254,3.344,3.299,3.254,3.344
2024-02-29T19:10:00Z,175665,1.75,1.698,1.802,3.459,3.228,3.69,3.459,3.228,3.69
2024-02-29T15:40:00Z,175665,1.091,0.9,1.282,1.593,1.6,1.586,1.593,1.6,1.586
2024-02-29T07:00:00Z,175665,0.5710000000000001,0.222,0.92,0.945,0.868,1.022,0.945,0.868,1.022
2024-02-29T00:50:00Z,175665,2.076,2.25,1.902,3.2590000000000003,3.152,3.366,3.2590000000000003,3.152,3.366
2024-02-29T11:10:00Z,175665,1.471,1.09,1.852,1.687,1.604,1.77,1.687,1.604,1.77
2024-02-29T01:20:00Z,175665,1.746,1.5,1.992,3.438,3.366,3.51,3.438,3.366,3.51
2024-02-29T06:20:00Z,175665,0.862,0.752,0.972,0.901,0.952,0.85,0.901,0.952,0.85
2024-02-29T01:50:00Z,175665,2.375,2.782,1.968,3.712,3.696,3.728,3.712,3.696,3.728
2024-02-29T01:40:00Z,175665,1.729,1.414,2.044,3.591,3.444,3.738,3.591,3.444,3.738
2024-02-29T19:00:00Z,175665,1.659,1.574,1.744,3.518,3.388,3.648,3.518,3.388,3.648
2024-02-29T17:20:00Z,175665,1.933,1.67,2.196,2.54,2.524,2.556,2.54,2.524,2.556
2024-02-29T16:30:00Z,175665,2.098,1.83,2.366,2.186,2.082,2.29,2.186,2.082,2.29
2024-02-29T20:00:00Z,175665,1.557,1.112,2.002,3.205,3.1,3.31,3.205,3.1,3.31
2024-02-29T11:20:00Z,175665,0.89,0.852,0.928,1.082,1.024,1.14,1.082,1.024,1.14
2024-02-29T22:20:00Z,175665,2.631,2.406,2.856,7.682,7.63,7.734,7.682,7.63,7.734
2024-02-29T00:30:00Z,175665,1.971,2.228,1.714,3.535,3.594,3.476,3.535,3.594,3.476
2024-02-29T15:10:00Z,175665,1.307,1.26,1.354,1.5710000000000002,1.374,1.768,1.5710000000000002,1.374,1.768
2024-02-29T21:30:00Z,175665,6.178,4.604,7.752,15.298,14.8,15.796,15.298,14.8,15.796
2024-02-29T16:00:00Z,175665,1.527,1.354,1.7,1.747,1.678,1.816,1.747,1.678,1.816
2024-02-29T18:10:00Z,175665,1.27,1.062,1.478,2.676,2.578,2.774,2.676,2.578,2.774
2024-02-29T16:10:00Z,175665,1.144,0.99,1.298,1.666,1.604,1.728,1.666,1.604,1.728
2024-02-29T14:40:00Z,175665,1.575,1.388,1.762,1.597,1.532,1.662,1.597,1.532,1.662
2024-02-29T19:50:00Z,175665,1.531,1.482,1.58,3.173,3.162,3.184,3.173,3.162,3.184
2024-02-29T08:00:00Z,175665,0.746,0.636,0.856,0.677,0.58,0.774,0.677,0.58,0.774
2024-02-29T14:10:00Z,175665,0.975,0.878,1.072,1.428,1.36,1.496,1.428,1.36,1.496
2024-02-29T20:40:00Z,175665,1.524,1.588,1.46,3.641,3.538,3.744,3.641,3.538,3.744
2024-02-29T09:20:00Z,175665,0.7090000000000001,0.492,0.926,0.669,0.594,0.744,0.669,0.594,0.744
2024-02-29T19:40:00Z,175665,1.802,1.64,1.964,3.131,3.256,3.006,3.131,3.256,3.006
2024-02-29T23:50:00Z,175665,1.4580000000000002,1.046,1.87,2.771,2.58,2.962,2.771,2.58,2.962
2024-02-29T23:00:00Z,175665,1.642,1.392,1.892,3.414,3.332,3.496,3.414,3.332,3.496
2024-02-29T03:20:00Z,175665,1.94,1.722,2.158,3.486,3.478,3.494,3.486,3.478,3.494
2024-02-29T22:50:00Z,175665,1.844,2.018,1.67,3.319,3.358,3.28,3.319,3.358,3.28
2024-02-29T14:30:00Z,175665,1.201,1.106,1.296,1.543,1.358,1.728,1.543,1.358,1.728
2024-02-29T04:30:00Z,175665,0.747,0.764,0.73,0.877,0.864,0.89,0.877,0.864,0.89
2024-02-29T10:40:00Z,175665,1.08,0.646,1.514,1.569,1.416,1.722,1.569,1.416,1.722
2024-02-29T09:50:00Z,175665,0.638,0.498,0.778,0.751,0.728,0.774,0.751,0.728,0.774
2024-02-29T04:20:00Z,175665,1.4369999999999998,1.2,1.674,1.525,1.522,1.528,1.525,1.522,1.528
2024-02-29T09:00:00Z,175665,0.885,0.67,1.1,0.8240000000000001,0.796,0.852,0.8240000000000001,0.796,0.852
2024-02-29T08:40:00Z,175665,0.581,0.414,0.748,0.83,0.83,0.83,0.83,0.83,0.83
2024-02-29T07:20:00Z,175665,1.107,0.868,1.346,1.103,1.046,1.16,1.103,1.046,1.16
2024-02-29T08:50:00Z,175665,0.759,0.674,0.844,0.8640000000000001,0.812,0.916,0.8640000000000001,0.812,0.916
2024-02-29T05:50:00Z,175665,0.751,0.89,0.612,0.823,0.606,1.04,0.823,0.606,1.04
2024-02-29T12:40:00Z,175665,1.775,1.31,2.24,1.436,1.29,1.582,1.436,1.29,1.582
2024-02-29T20:20:00Z,175665,1.699,1.782,1.616,3.359,3.176,3.542,3.359,3.176,3.542
2024-02-29T13:10:00Z,175665,0.829,0.73,0.928,1.37,1.384,1.356,1.37,1.384,1.356
2024-02-29T12:10:00Z,175665,1.592,1.792,1.392,1.538,1.592,1.484,1.538,1.592,1.484
2024-02-29T08:30:00Z,175665,1.034,0.934,1.134,0.754,0.706,0.802,0.754,0.706,0.802
2024-02-29T10:00:00Z,175665,0.936,0.66,1.212,0.817,0.66,0.974,0.817,0.66,0.974
2024-02-29T02:40:00Z,175665,2.101,2.04,2.162,3.719,3.788,3.65,3.719,3.788,3.65
2024-02-29T09:30:00Z,175665,1.11,1.024,1.196,0.8140000000000001,0.712,0.916,0.8140000000000001,0.712,0.916
2024-02-29T06:40:00Z,175665,0.925,0.988,0.862,1.045,1.056,1.034,1.045,1.056,1.034
2024-02-29T05:00:00Z,175665,0.838,0.73,0.946,0.8009999999999999,0.732,0.87,0.8009999999999999,0.732,0.87
2024-02-29T21:50:00Z,175665,3.256,2.99,3.522,10.236,10.0,10.472,10.236,10.0,10.472
2024-02-29T00:20:00Z,175665,1.777,1.382,2.172,3.299,3.408,3.19,3.299,3.408,3.19
2024-02-29T10:20:00Z,175665,0.758,0.526,0.99,0.8069999999999999,0.732,0.882,0.8069999999999999,0.732,0.882
2024-02-29T06:50:00Z,175665,0.914,0.924,0.904,1.192,1.236,1.148,1.192,1.236,1.148
2024-02-29T15:20:00Z,175665,1.3199999999999998,1.476,1.164,1.732,1.752,1.712,1.732,1.752,1.712
2024-02-29T13:40:00Z,175665,1.174,1.34,1.008,1.3410000000000002,1.352,1.33,1.3410000000000002,1.352,1.33
2024-02-29T14:50:00Z,175665,1.593,1.538,1.648,1.517,1.434,1.6,1.517,1.434,1.6
2024-02-29T02:10:00Z,175665,1.812,1.364,2.26,3.671,3.37,3.972,3.671,3.37,3.972
2024-02-29T19:30:00Z,175665,1.715,1.424,2.006,3.671,3.438,3.904,3.671,3.438,3.904
2024-02-29T05:40:00Z,175665,1.0539999999999998,0.95,1.158,0.8260000000000001,0.782,0.87,0.8260000000000001,0.782,0.87
2024-02-29T11:30:00Z,175665,0.8200000000000001,0.908,0.732,1.404,1.316,1.492,1.404,1.316,1.492
2024-02-29T14:00:00Z,175665,1.367,1.214,1.52,1.599,1.496,1.702,1.599,1.496,1.702
2024-02-29T11:40:00Z,175665,1.13,0.89,1.37,1.52,1.406,1.634,1.52,1.406,1.634
2024-02-29T05:10:00Z,175665,0.8680000000000001,0.684,1.052,0.8089999999999999,0.794,0.824,0.8089999999999999,0.794,0.824
2024-02-29T18:00:00Z,175665,1.6349999999999998,1.224,2.046,2.794,2.716,2.872,2.794,2.716,2.872
2024-02-29T05:30:00Z,175665,0.819,0.762,0.876,0.914,0.902,0.926,0.914,0.902,0.926
2024-02-29T06:30:00Z,175665,0.898,0.562,1.234,1.003,1.02,0.986,1.003,1.02,0.986
2024-02-29T15:50:00Z,175665,1.608,1.128,2.088,1.856,1.718,1.994,1.856,1.718,1.994
2024-02-29T16:40:00Z,175665,1.351,1.392,1.31,2.2030000000000003,2.124,2.282,2.2030000000000003,2.124,2.282
2024-02-29T06:10:00Z,175665,0.8180000000000001,0.908,0.728,0.879,0.97,0.788,0.879,0.97,0.788
2024-02-29T13:30:00Z,175665,1.7029999999999998,1.752,1.654,1.392,1.42,1.364,1.392,1.42,1.364
2024-02-29T00:40:00Z,175665,1.975,1.988,1.962,3.4210000000000003,3.338,3.504,3.4210000000000003,3.338,3.504
2024-02-29T09:10:00Z,175665,0.732,0.794,0.67,0.8089999999999999,0.666,0.952,0.8089999999999999,0.666,0.952
2024-02-29T23:30:00Z,175665,1.399,1.192,1.606,2.594,2.59,2.598,2.594,2.59,2.598
2024-02-29T03:10:00Z,175665,1.852,1.336,2.368,3.441,3.128,3.754,3.441,3.128,3.754
2024-02-29T03:40:00Z,175665,1.605,1.478,1.732,3.03,2.868,3.192,3.03,2.868,3.192
2024-02-29T07:50:00Z,175665,0.863,0.612,1.114,0.775,0.654,0.896,0.775,0.654,0.896
2024-02-29T22:40:00Z,175665,1.505,1.254,1.756,3.216,3.218,3.214,3.216,3.218,3.214
2024-02-29T22:30:00Z,175665,1.487,1.624,1.35,3.328,3.142,3.514,3.328,3.142,3.514
2024-02-29T20:10:00Z,175665,1.421,1.304,1.538,3.316,3.21,3.422,3.316,3.21,3.422
